{
    "tags": null,
    "position": [
        447.8683166503906,
        315.90460205078125,
        -511.2069091796875
    ],
    "rotation": [
        0,
        0,
        0
    ],
    "rotationQuaternion": [
        7.305547215189885e-8,
        -0.7071067966408573,
        -4.214685249485323e-8,
        0.7071067657322323
    ],
    "scaling": [
        39.370079040527905,
        39.370079040527905,
        39.37007904052742
    ],
    "billboardMode": 0,
    "scalingDeterminant": 1,
    "infiniteDistance": false,
    "ignoreNonUniformScaling": false,
    "reIntegrateRotationIntoRotationQuaternion": false,
    "name": "node7",
    "id": "8273dd7b-2619-4e76-8e94-868edb06ace0",
    "state": "",
    "metadata": {
        "parentId": 1772665466938
    },
    "type": "TransformNode",
    "uniqueId": 1772665466963,
    "localMatrix": [
        1,
        0,
        0,
        0,
        0,
        1,
        0,
        0,
        0,
        0,
        1,
        0,
        0,
        0,
        0,
        1
    ],
    "isEnabled": true,
    "animations": [],
    "ranges": []
}
