{
    "tags": null,
    "position": [
        0.9705296158790588,
        25.14131736755371,
        -505.06658935546875
    ],
    "rotation": [
        0,
        0,
        0
    ],
    "rotationQuaternion": [
        1.0331604592767725e-7,
        0,
        0,
        0.9999999999999947
    ],
    "scaling": [
        39.370079040527344,
        39.37007904052818,
        39.37007904052818
    ],
    "billboardMode": 0,
    "scalingDeterminant": 1,
    "infiniteDistance": false,
    "ignoreNonUniformScaling": false,
    "reIntegrateRotationIntoRotationQuaternion": false,
    "name": "node3",
    "id": "a5988ca2-1602-44fe-bf6b-fc6c7375512c",
    "state": "",
    "metadata": {
        "parentId": 1772665466938
    },
    "type": "TransformNode",
    "uniqueId": 1772665466961,
    "localMatrix": [
        1,
        0,
        0,
        0,
        0,
        1,
        0,
        0,
        0,
        0,
        1,
        0,
        0,
        0,
        0,
        1
    ],
    "isEnabled": true,
    "animations": [],
    "ranges": []
}
