{
    "tags": null,
    "position": [
        0,
        -1.9972858428955078,
        -8.940696716308594e-8
    ],
    "rotation": [
        0,
        0,
        0
    ],
    "rotationQuaternion": [
        1.0331604592767725e-7,
        0,
        0,
        0.9999999999999947
    ],
    "scaling": [
        39.370079040527344,
        39.37007904052818,
        39.37007904052818
    ],
    "billboardMode": 0,
    "scalingDeterminant": 1,
    "infiniteDistance": false,
    "ignoreNonUniformScaling": false,
    "reIntegrateRotationIntoRotationQuaternion": false,
    "name": "node1",
    "id": "a63ecfa1-9d2d-485e-a85e-a04bcf95edc1",
    "state": "",
    "metadata": {
        "parentId": 1772665466938
    },
    "type": "TransformNode",
    "uniqueId": 1772665466960,
    "localMatrix": [
        1,
        0,
        0,
        0,
        0,
        1,
        0,
        0,
        0,
        0,
        1,
        0,
        0,
        0,
        0,
        1
    ],
    "isEnabled": true,
    "animations": [],
    "ranges": []
}
