{
    "tags": null,
    "position": [
        637.0056762695312,
        50.23103332519531,
        -756.29638671875
    ],
    "rotation": [
        0,
        0,
        0
    ],
    "rotationQuaternion": [
        1.0331604592767725e-7,
        0,
        0,
        0.9999999999999947
    ],
    "scaling": [
        39.370079040527344,
        39.37007904052818,
        39.37007904052818
    ],
    "billboardMode": 0,
    "scalingDeterminant": 1,
    "infiniteDistance": false,
    "ignoreNonUniformScaling": false,
    "reIntegrateRotationIntoRotationQuaternion": false,
    "name": "node21",
    "id": "a9e2d749-b120-46e9-9890-c1510e2f35ff",
    "state": "",
    "metadata": {
        "parentId": 1772665466938
    },
    "type": "TransformNode",
    "uniqueId": 1772665466970,
    "localMatrix": [
        1,
        0,
        0,
        0,
        0,
        1,
        0,
        0,
        0,
        0,
        1,
        0,
        0,
        0,
        0,
        1
    ],
    "isEnabled": true,
    "animations": [],
    "ranges": []
}
