{
    "tags": null,
    "position": [
        0.9705296158790588,
        25.141151428222656,
        506.4066467285156
    ],
    "rotation": [
        0,
        0,
        0
    ],
    "rotationQuaternion": [
        -4.51608747492448e-15,
        0.9999999999999972,
        5.960464477539025e-8,
        -4.3711392489351096e-8
    ],
    "scaling": [
        39.37007904052749,
        39.37007904052762,
        39.37007904052778
    ],
    "billboardMode": 0,
    "scalingDeterminant": 1,
    "infiniteDistance": false,
    "ignoreNonUniformScaling": false,
    "reIntegrateRotationIntoRotationQuaternion": false,
    "name": "node5",
    "id": "ac47fdb3-a528-48ee-9f7a-236d5bcb0826",
    "state": "",
    "metadata": {
        "parentId": 1772665466938
    },
    "type": "TransformNode",
    "uniqueId": 1772665466962,
    "localMatrix": [
        1,
        0,
        0,
        0,
        0,
        1,
        0,
        0,
        0,
        0,
        1,
        0,
        0,
        0,
        0,
        1
    ],
    "isEnabled": true,
    "animations": [],
    "ranges": []
}
