{
    "tags": null,
    "position": [
        -595.5293579101562,
        125.11030578613281,
        -52.090946197509766
    ],
    "rotation": [
        0,
        0,
        0
    ],
    "rotationQuaternion": [
        7.305547215189885e-8,
        0.7071067966408573,
        4.214685249485323e-8,
        0.7071067657322323
    ],
    "scaling": [
        39.370079040527905,
        39.370079040527905,
        39.37007904052742
    ],
    "billboardMode": 0,
    "scalingDeterminant": 1,
    "infiniteDistance": false,
    "ignoreNonUniformScaling": false,
    "reIntegrateRotationIntoRotationQuaternion": false,
    "name": "node29",
    "id": "ca4f94b8-6c3a-4b94-bd8c-12b668a7fabf",
    "state": "",
    "metadata": {
        "parentId": 1772665466938
    },
    "type": "TransformNode",
    "uniqueId": 1772665466974,
    "localMatrix": [
        1,
        0,
        0,
        0,
        0,
        1,
        0,
        0,
        0,
        0,
        1,
        0,
        0,
        0,
        0,
        1
    ],
    "isEnabled": true,
    "animations": [],
    "ranges": []
}
