{
    "tags": null,
    "position": [
        -399.6028747558594,
        315.9044189453125,
        451.3625183105469
    ],
    "rotation": [
        0,
        0,
        0
    ],
    "rotationQuaternion": [
        7.305547215189885e-8,
        0.7071067966408573,
        4.214685249485323e-8,
        0.7071067657322323
    ],
    "scaling": [
        39.370079040527905,
        39.370079040527905,
        39.37007904052742
    ],
    "billboardMode": 0,
    "scalingDeterminant": 1,
    "infiniteDistance": false,
    "ignoreNonUniformScaling": false,
    "reIntegrateRotationIntoRotationQuaternion": false,
    "name": "node13",
    "id": "f8028d6b-be8b-4968-9adf-6277d35df954",
    "state": "",
    "metadata": {
        "parentId": 1772665466938
    },
    "type": "TransformNode",
    "uniqueId": 1772665466966,
    "localMatrix": [
        1,
        0,
        0,
        0,
        0,
        1,
        0,
        0,
        0,
        0,
        1,
        0,
        0,
        0,
        0,
        1
    ],
    "isEnabled": true,
    "animations": [],
    "ranges": []
}
